date,day,start,end,category,task,planned_hours,status,actual_hours,completion,notes
2026-10-05,Mon,17:00,19:00,MATH,ДЮ,2,planned,0,0
2026-10-05,Mon,19:30,21:30,TR,Дорешка Степанова,2,planned,0,0
2026-10-06,Tue,16:00,18:00,TR,Дорешка Степанова,2,planned,0,0
2026-10-06,Tue,18:30,21:00,TR,Степанов,2.5,planned,0,0
2026-10-07,Wed,17:00,17:30,LIT,Выучить стихотворение,0.5,planned,0,0
2026-10-07,Wed,18:00,20:00,MATH,ДЮ,2,planned,0,0
2026-10-08,Thu,15:30,20:30,TEAM,Командка / тур Закл.,5,planned,0,0
2026-10-09,Fri,14:00,15:30,RUS,ЕГЭ русский — задание 8,1.5,planned,0,0
2026-10-09,Fri,16:00,18:30,TR,Степанов,2.5,planned,0,0
2026-10-10,Sat,09:00,14:00,SCHOOL,Школа,0,planned,0,0
2026-10-10,Sat,15:00,16:00,WALK,Прогулка,0,planned,0,0
2026-10-11,Sun,12:00,17:00,MATH,Физтех — математика,5,planned,0,0,12:00–17:00
2026-10-11,Sun,17:30,20:30,MIX,Сложные задачи / ЕГЭ матеша / другое,3,planned,0,0
