id,task,category,deadline,priority,status,planned_hours,actual_hours,type,notes
W101,ДЮ — понедельник,ДЮ,2026-10-11,high,done,2,2,WEEKLY,понедельник 19:00–21:00
W102,Дорешка Степанова — 4 часа,CP,2026-10-11,high,planned,4,1,WEEKLY,2 ч в понедельник + 2 ч во вторник самостоятельно
W103,Степанов — тренировка 2,5 часа,TR,2026-10-11,high,planned,2.5,0,WEEKLY,вторник 17:00–19:30
W104,Выучить 1 стихотворение,LIT,2026-10-11,medium,planned,1,0,WEEKLY,среда
W105,ДЮ — среда,ДЮ,2026-10-11,high,planned,2,0,WEEKLY,среда 19:00–21:00
W106,Командка / тур Закл.,TEAM,2026-10-11,high,planned,5,0,WEEKLY,четверг
W107,ЕГЭ по русскому — задание 8,RUS,2026-10-11,high,planned,1.5,0,WEEKLY,пятница
W108,Физтех — математика,FTECH,2026-10-11,high,planned,5,0,EVENT,воскресенье 12:00–17:00
W109,Сложные задачи / ЕГЭ математика,MATH_EGE,2026-10-11,medium,planned,3,0,WEEKLY,воскресенье после Физтеха
W110,Чтение — 3 часа за неделю,READ,2026-10-11,medium,planned,3,0,WEEKLY,распределить по неделе
