week_start,week_end,id,category,task,priority,status,planned_hours,actual_hours
2026-10-05,2026-10-11,W101,ДЮ,ДЮ — 2 часа,high,planned,2,0
2026-10-05,2026-10-11,W102,CP,Дорешка Степанова — 4 часа,high,planned,4,0
2026-10-05,2026-10-11,W103,TR,Степанов — 2 тренировки по 2,5 часа,high,planned,5,0
2026-10-05,2026-10-11,W104,LIT,Выучить 1 стихотворение,medium,planned,1,0
2026-10-05,2026-10-11,W105,ДЮ,ДЮ — 2 часа,high,planned,2,0
2026-10-05,2026-10-11,W106,TEAM,Командка / тур Закл.,high,planned,5,0
2026-10-05,2026-10-11,W107,RUS,ЕГЭ по русскому — задание 8,high,planned,1.5,0
2026-10-05,2026-10-11,W108,FTECH,Физтех — математика,high,planned,5,0
2026-10-05,2026-10-11,W109,MATH_EGE,ботать,medium,planned,3,0
2026-10-05,2026-10-11,W110,READ,Чтение — 3 часа за неделю,medium,planned,3,0